tas,Year,Month,Country, C, ISO3, ISO2
4.13312,1901,1,AND,,,
1.0659,1901,2,AND,,,
5.8636,1901,3,AND,,,
9.57859,1901,4,AND,,,
12.3253,1901,5,AND,,,
18.0144,1901,6,AND,,,
21.7162,1901,7,AND,,,
19.7089,1901,8,AND,,,
16.7273,1901,9,AND,,,
11.7822,1901,10,AND,,,
5.93166,1901,11,AND,,,
2.58887,1901,12,AND,,,
3.69575,1902,1,AND,,,
3.12463,1902,2,AND,,,
7.87413,1902,3,AND,,,
9.95737,1902,4,AND,,,
12.4072,1902,5,AND,,,
15.0271,1902,6,AND,,,
19.4702,1902,7,AND,,,
18.8528,1902,8,AND,,,
15.4077,1902,9,AND,,,
12.1255,1902,10,AND,,,
7.25091,1902,11,AND,,,
2.75748,1902,12,AND,,,
3.96168,1903,1,AND,,,
2.752,1903,2,AND,,,
7.03774,1903,3,AND,,,
8.89022,1903,4,AND,,,
12.5516,1903,5,AND,,,
14.8235,1903,6,AND,,,
18.8255,1903,7,AND,,,
18.3428,1903,8,AND,,,
15.601,1903,9,AND,,,
12.7843,1903,10,AND,,,
6.22922,1903,11,AND,,,
2.9441,1903,12,AND,,,
2.36242,1904,1,AND,,,
2.95682,1904,2,AND,,,
5.82375,1904,3,AND,,,
7.62033,1904,4,AND,,,
13.3075,1904,5,AND,,,
16.3934,1904,6,AND,,,
19.3517,1904,7,AND,,,
19.6579,1904,8,AND,,,
16.2531,1904,9,AND,,,
12.5316,1904,10,AND,,,
7.29149,1904,11,AND,,,
4.63418,1904,12,AND,,,
0.64763,1905,1,AND,,,
0.76855,1905,2,AND,,,
9.14456,1905,3,AND,,,
9.42021,1905,4,AND,,,
11.5234,1905,5,AND,,,
15.9321,1905,6,AND,,,
19.0954,1905,7,AND,,,
20.0363,1905,8,AND,,,
16.9799,1905,9,AND,,,
9.84576,1905,10,AND,,,
6.91889,1905,11,AND,,,
3.69137,1905,12,AND,,,
4.71922,1906,1,AND,,,
4.37246,1906,2,AND,,,
2.93663,1906,3,AND,,,
8.66654,1906,4,AND,,,
11.5629,1906,5,AND,,,
15.9852,1906,6,AND,,,
18.5214,1906,7,AND,,,
19.6817,1906,8,AND,,,
17.1979,1906,9,AND,,,
12.2135,1906,10,AND,,,
5.89293,1906,11,AND,,,
4.22953,1906,12,AND,,,
2.25327,1907,1,AND,,,
2.28464,1907,2,AND,,,
5.0837,1907,3,AND,,,
5.97843,1907,4,AND,,,
9.25864,1907,5,AND,,,
15.3731,1907,6,AND,,,
18.6256,1907,7,AND,,,
18.6191,1907,8,AND,,,
15.9721,1907,9,AND,,,
11.7159,1907,10,AND,,,
6.66151,1907,11,AND,,,
5.89782,1907,12,AND,,,
5.13287,1908,1,AND,,,
3.72505,1908,2,AND,,,
6.25492,1908,3,AND,,,
8.6092,1908,4,AND,,,
11.9543,1908,5,AND,,,
14.5016,1908,6,AND,,,
18.9011,1908,7,AND,,,
18.3556,1908,8,AND,,,
17.9766,1908,9,AND,,,
12.4514,1908,10,AND,,,
7.62937,1908,11,AND,,,
4.85385,1908,12,AND,,,
1.52789,1909,1,AND,,,
2.75824,1909,2,AND,,,
5.64976,1909,3,AND,,,
7.62005,1909,4,AND,,,
11.4691,1909,5,AND,,,
14.9156,1909,6,AND,,,
18.1501,1909,7,AND,,,
20.1222,1909,8,AND,,,
16.3593,1909,9,AND,,,
11.5874,1909,10,AND,,,
6.75248,1909,11,AND,,,
1.12441,1909,12,AND,,,
3.29591,1910,1,AND,,,
2.43672,1910,2,AND,,,
9.85503,1910,3,AND,,,
10.1831,1910,4,AND,,,
10.5598,1910,5,AND,,,
16.5249,1910,6,AND,,,
19.4187,1910,7,AND,,,
17.7121,1910,8,AND,,,
15.4672,1910,9,AND,,,
12.623,1910,10,AND,,,
6.3428,1910,11,AND,,,
4.03948,1910,12,AND,,,
2.34274,1911,1,AND,,,
1.73177,1911,2,AND,,,
7.13785,1911,3,AND,,,
7.24632,1911,4,AND,,,
12.2088,1911,5,AND,,,
17.0507,1911,6,AND,,,
19.2304,1911,7,AND,,,
18.7041,1911,8,AND,,,
17.0015,1911,9,AND,,,
10.5989,1911,10,AND,,,
3.72612,1911,11,AND,,,
5.02141,1911,12,AND,,,
-0.3926,1912,1,AND,,,
3.61069,1912,2,AND,,,
2.59188,1912,3,AND,,,
8.4623,1912,4,AND,,,
12.8146,1912,5,AND,,,
15.3715,1912,6,AND,,,
18.053,1912,7,AND,,,
17.7668,1912,8,AND,,,
13.7137,1912,9,AND,,,
10.9734,1912,10,AND,,,
6.8649,1912,11,AND,,,
5.46838,1912,12,AND,,,
2.87978,1913,1,AND,,,
2.56449,1913,2,AND,,,
4.30923,1913,3,AND,,,
9.24473,1913,4,AND,,,
12.2078,1913,5,AND,,,
16.5439,1913,6,AND,,,
18.8073,1913,7,AND,,,
19.7899,1913,8,AND,,,
16.2097,1913,9,AND,,,
10.1903,1913,10,AND,,,
8.22461,1913,11,AND,,,
4.61877,1913,12,AND,,,
3.13109,1914,1,AND,,,
1.43118,1914,2,AND,,,
6.74484,1914,3,AND,,,
8.46623,1914,4,AND,,,
11.7562,1914,5,AND,,,
14.9961,1914,6,AND,,,
19.3557,1914,7,AND,,,
18.1936,1914,8,AND,,,
16.8104,1914,9,AND,,,
12.1257,1914,10,AND,,,
7.3168,1914,11,AND,,,
1.52098,1914,12,AND,,,
1.73358,1915,1,AND,,,
3.08246,1915,2,AND,,,
2.9756,1915,3,AND,,,
10.1518,1915,4,AND,,,
11.206,1915,5,AND,,,
14.758,1915,6,AND,,,
17.4407,1915,7,AND,,,
18.6981,1915,8,AND,,,
15.7734,1915,9,AND,,,
12.2052,1915,10,AND,,,
7.76236,1915,11,AND,,,
5.55927,1915,12,AND,,,
-1.2985,1916,1,AND,,,
2.72811,1916,2,AND,,,
5.73856,1916,3,AND,,,
8.13547,1916,4,AND,,,
11.7114,1916,5,AND,,,
14.2699,1916,6,AND,,,
19.9653,1916,7,AND,,,
19.404,1916,8,AND,,,
15.754,1916,9,AND,,,
11.1915,1916,10,AND,,,
7.08371,1916,11,AND,,,
1.8897,1916,12,AND,,,
2.0513,1917,1,AND,,,
0.42808,1917,2,AND,,,
4.04452,1917,3,AND,,,
6.39535,1917,4,AND,,,
11.1016,1917,5,AND,,,
15.0317,1917,6,AND,,,
20.4186,1917,7,AND,,,
18.3162,1917,8,AND,,,
16.7646,1917,9,AND,,,
9.22495,1917,10,AND,,,
8.56988,1917,11,AND,,,
-0.5879,1917,12,AND,,,
0.27301,1918,1,AND,,,
2.50166,1918,2,AND,,,
7.69184,1918,3,AND,,,
7.16291,1918,4,AND,,,
12.6882,1918,5,AND,,,
17.1704,1918,6,AND,,,
18.7665,1918,7,AND,,,
19.2045,1918,8,AND,,,
15.091,1918,9,AND,,,
11.0958,1918,10,AND,,,
5.57534,1918,11,AND,,,
6.42309,1918,12,AND,,,
5.72441,1919,1,AND,,,
3.52663,1919,2,AND,,,
4.09556,1919,3,AND,,,
8.26607,1919,4,AND,,,
11.7657,1919,5,AND,,,
16.3256,1919,6,AND,,,
18.7988,1919,7,AND,,,
18.6164,1919,8,AND,,,
17.2959,1919,9,AND,,,
10.6448,1919,10,AND,,,
2.80511,1919,11,AND,,,
1.17681,1919,12,AND,,,
3.12647,1920,1,AND,,,
3.49322,1920,2,AND,,,
5.60066,1920,3,AND,,,
6.14864,1920,4,AND,,,
11.7435,1920,5,AND,,,
15.6012,1920,6,AND,,,
18.7876,1920,7,AND,,,
18.1738,1920,8,AND,,,
16.1412,1920,9,AND,,,
12.0757,1920,10,AND,,,
5.22703,1920,11,AND,,,
3.65758,1920,12,AND,,,
6.08385,1921,1,AND,,,
6.02506,1921,2,AND,,,
6.59982,1921,3,AND,,,
8.11815,1921,4,AND,,,
12.343,1921,5,AND,,,
17.3361,1921,6,AND,,,
19.7473,1921,7,AND,,,
19.2539,1921,8,AND,,,
17.1558,1921,9,AND,,,
13.3707,1921,10,AND,,,
5.19169,1921,11,AND,,,
4.88909,1921,12,AND,,,
3.22973,1922,1,AND,,,
0.92861,1922,2,AND,,,
5.19962,1922,3,AND,,,
8.8157,1922,4,AND,,,
12.9042,1922,5,AND,,,
16.2233,1922,6,AND,,,
17.8454,1922,7,AND,,,
19.8264,1922,8,AND,,,
16.648,1922,9,AND,,,
12.4448,1922,10,AND,,,
6.96793,1922,11,AND,,,
2.27213,1922,12,AND,,,
4.60848,1923,1,AND,,,
4.74771,1923,2,AND,,,
6.52395,1923,3,AND,,,
10.0411,1923,4,AND,,,
14.0358,1923,5,AND,,,
16.917,1923,6,AND,,,
18.7866,1923,7,AND,,,
19.5394,1923,8,AND,,,
15.7014,1923,9,AND,,,
11.4784,1923,10,AND,,,
6.41348,1923,11,AND,,,
4.34516,1923,12,AND,,,
1.63349,1924,1,AND,,,
3.70094,1924,2,AND,,,
5.71149,1924,3,AND,,,
9.69365,1924,4,AND,,,
13.6103,1924,5,AND,,,
16.8138,1924,6,AND,,,
19.3186,1924,7,AND,,,
18.1215,1924,8,AND,,,
15.8115,1924,9,AND,,,
12.5629,1924,10,AND,,,
7.17916,1924,11,AND,,,
1.12831,1924,12,AND,,,
2.82494,1925,1,AND,,,
5.05457,1925,2,AND,,,
5.30466,1925,3,AND,,,
10.0583,1925,4,AND,,,
11.7006,1925,5,AND,,,
15.6936,1925,6,AND,,,
18.5044,1925,7,AND,,,
18.5448,1925,8,AND,,,
16.2366,1925,9,AND,,,
7.78188,1925,10,AND,,,
5.96552,1925,11,AND,,,
4.68725,1925,12,AND,,,
4.80411,1926,1,AND,,,
7.4933,1926,2,AND,,,
7.82137,1926,3,AND,,,
9.70403,1926,4,AND,,,
12.1123,1926,5,AND,,,
15.6124,1926,6,AND,,,
18.9832,1926,7,AND,,,
19.9886,1926,8,AND,,,
18.5177,1926,9,AND,,,
13.4169,1926,10,AND,,,
7.45914,1926,11,AND,,,
3.99685,1926,12,AND,,,
4.71998,1927,1,AND,,,
5.9498,1927,2,AND,,,
7.41368,1927,3,AND,,,
10.0707,1927,4,AND,,,
13.2191,1927,5,AND,,,
16.5343,1927,6,AND,,,
19.4969,1927,7,AND,,,
19.3922,1927,8,AND,,,
17.1737,1927,9,AND,,,
13.0449,1927,10,AND,,,
7.65879,1927,11,AND,,,
4.07874,1927,12,AND,,,
4.36345,1928,1,AND,,,
6.16157,1928,2,AND,,,
7.43434,1928,3,AND,,,
8.61318,1928,4,AND,,,
11.9576,1928,5,AND,,,
16.2801,1928,6,AND,,,
21.3729,1928,7,AND,,,
21.2121,1928,8,AND,,,
17.7036,1928,9,AND,,,
13.1394,1928,10,AND,,,
7.63467,1928,11,AND,,,
4.8261,1928,12,AND,,,
0.89164,1929,1,AND,,,
2.72771,1929,2,AND,,,
7.08226,1929,3,AND,,,
9.0181,1929,4,AND,,,
12.5955,1929,5,AND,,,
17.4002,1929,6,AND,,,
20.3948,1929,7,AND,,,
19.3236,1929,8,AND,,,
17.4922,1929,9,AND,,,
12.661,1929,10,AND,,,
7.11456,1929,11,AND,,,
6.27211,1929,12,AND,,,
3.67968,1930,1,AND,,,
4.69715,1930,2,AND,,,
6.19347,1930,3,AND,,,
9.48904,1930,4,AND,,,
12.6643,1930,5,AND,,,
17.2791,1930,6,AND,,,
19.9406,1930,7,AND,,,
19.6606,1930,8,AND,,,
17.8077,1930,9,AND,,,
13.4552,1930,10,AND,,,
9.72599,1930,11,AND,,,
5.05026,1930,12,AND,,,
4.91954,1931,1,AND,,,
4.98006,1931,2,AND,,,
7.22123,1931,3,AND,,,
9.48113,1931,4,AND,,,
12.8401,1931,5,AND,,,
18.8299,1931,6,AND,,,
19.8659,1931,7,AND,,,
19.731,1931,8,AND,,,
16.1285,1931,9,AND,,,
12.7917,1931,10,AND,,,
8.33815,1931,11,AND,,,
5.12865,1931,12,AND,,,
4.58477,1932,1,AND,,,
1.99639,1932,2,AND,,,
5.73896,1932,3,AND,,,
8.22663,1932,4,AND,,,
12.3802,1932,5,AND,,,
16.3029,1932,6,AND,,,
18.4258,1932,7,AND,,,
20.3972,1932,8,AND,,,
17.7606,1932,9,AND,,,
12.2875,1932,10,AND,,,
7.58607,1932,11,AND,,,
5.5843,1932,12,AND,,,
4.35409,1933,1,AND,,,
4.59301,1933,2,AND,,,
7.34223,1933,3,AND,,,
10.1975,1933,4,AND,,,
13.4541,1933,5,AND,,,
16.0536,1933,6,AND,,,
20.2249,1933,7,AND,,,
21.4663,1933,8,AND,,,
18.2122,1933,9,AND,,,
13.1962,1933,10,AND,,,
6.02206,1933,11,AND,,,
2.43293,1933,12,AND,,,
4.26233,1934,1,AND,,,
4.55477,1934,2,AND,,,
6.54665,1934,3,AND,,,
9.44141,1934,4,AND,,,
15.3483,1934,5,AND,,,
18.4551,1934,6,AND,,,
21.1951,1934,7,AND,,,
19.5035,1934,8,AND,,,
17.3978,1934,9,AND,,,
14.1358,1934,10,AND,,,
6.26958,1934,11,AND,,,
6.63976,1934,12,AND,,,
1.56466,1935,1,AND,,,
5.01647,1935,2,AND,,,
6.1425,1935,3,AND,,,
7.99542,1935,4,AND,,,
9.60097,1935,5,AND,,,
15.5333,1935,6,AND,,,
21.0253,1935,7,AND,,,
18.7187,1935,8,AND,,,
17.1716,1935,9,AND,,,
10.7377,1935,10,AND,,,
5.45201,1935,11,AND,,,
6.01691,1935,12,AND,,,
1.19459,1936,1,AND,,,
-3.3719,1936,2,AND,,,
7.02868,1936,3,AND,,,
7.93832,1936,4,AND,,,
13.7089,1936,5,AND,,,
16.1249,1936,6,AND,,,
21.7187,1936,7,AND,,,
19.83,1936,8,AND,,,
17.4768,1936,9,AND,,,
10.6975,1936,10,AND,,,
6.35154,1936,11,AND,,,
3.7291,1936,12,AND,,,
-0.7423,1937,1,AND,,,
3.19266,1937,2,AND,,,
5.99166,1937,3,AND,,,
9.2642,1937,4,AND,,,
13.4923,1937,5,AND,,,
17.1175,1937,6,AND,,,
20.4247,1937,7,AND,,,
20.7958,1937,8,AND,,,
17.3026,1937,9,AND,,,
11.825,1937,10,AND,,,
7.28656,1937,11,AND,,,
4.04735,1937,12,AND,,,
4.49178,1938,1,AND,,,
1.91292,1938,2,AND,,,
6.99581,1938,3,AND,,,
8.12338,1938,4,AND,,,
11.0716,1938,5,AND,,,
15.6817,1938,6,AND,,,
19.384,1938,7,AND,,,
19.2095,1938,8,AND,,,
17.5529,1938,9,AND,,,
13.745,1938,10,AND,,,
6.62325,1938,11,AND,,,
5.70261,1938,12,AND,,,
7.16961,1939,1,AND,,,
0.9891,1939,2,AND,,,
5.45237,1939,3,AND,,,
8.75953,1939,4,AND,,,
12.8591,1939,5,AND,,,
14.7855,1939,6,AND,,,
19.4014,1939,7,AND,,,
18.1514,1939,8,AND,,,
17.4562,1939,9,AND,,,
11.1734,1939,10,AND,,,
7.83575,1939,11,AND,,,
6.76521,1939,12,AND,,,
0.7927,1940,1,AND,,,
5.08352,1940,2,AND,,,
7.41503,1940,3,AND,,,
9.04871,1940,4,AND,,,
12.972,1940,5,AND,,,
16.3018,1940,6,AND,,,
19.1193,1940,7,AND,,,
19.2528,1940,8,AND,,,
17.1613,1940,9,AND,,,
11.8437,1940,10,AND,,,
6.8985,1940,11,AND,,,
2.87989,1940,12,AND,,,
2.5029,1941,1,AND,,,
4.54831,1941,2,AND,,,
6.88902,1941,3,AND,,,
8.71873,1941,4,AND,,,
11.9798,1941,5,AND,,,
16.3804,1941,6,AND,,,
20.0764,1941,7,AND,,,
18.7427,1941,8,AND,,,
16.2871,1941,9,AND,,,
11.395,1941,10,AND,,,
6.81021,1941,11,AND,,,
4.0065,1941,12,AND,,,
2.37466,1942,1,AND,,,
1.92287,1942,2,AND,,,
7.16415,1942,3,AND,,,
9.95261,1942,4,AND,,,
13.1263,1942,5,AND,,,
17.4684,1942,6,AND,,,
19.6231,1942,7,AND,,,
19.1226,1942,8,AND,,,
16.9334,1942,9,AND,,,
13.9542,1942,10,AND,,,
6.68334,1942,11,AND,,,
4.26957,1942,12,AND,,,
4.21401,1943,1,AND,,,
5.58237,1943,2,AND,,,
6.25821,1943,3,AND,,,
10.6677,1943,4,AND,,,
13.702,1943,5,AND,,,
17.8312,1943,6,AND,,,
20.1353,1943,7,AND,,,
20.4558,1943,8,AND,,,
17.3258,1943,9,AND,,,
12.4369,1943,10,AND,,,
5.60206,1943,11,AND,,,
3.99286,1943,12,AND,,,
4.52399,1944,1,AND,,,
3.15595,1944,2,AND,,,
4.77402,1944,3,AND,,,
10.1004,1944,4,AND,,,
13.8042,1944,5,AND,,,
17.0678,1944,6,AND,,,
19.4859,1944,7,AND,,,
20.4689,1944,8,AND,,,
16.9834,1944,9,AND,,,
10.6738,1944,10,AND,,,
7.10969,1944,11,AND,,,
3.2442,1944,12,AND,,,
1.3477,1945,1,AND,,,
5.81582,1945,2,AND,,,
7.51022,1945,3,AND,,,
10.1849,1945,4,AND,,,
13.2962,1945,5,AND,,,
17.2923,1945,6,AND,,,
20.5418,1945,7,AND,,,
19.4398,1945,8,AND,,,
17.8188,1945,9,AND,,,
13.0387,1945,10,AND,,,
6.92959,1945,11,AND,,,
3.91118,1945,12,AND,,,
2.78024,1946,1,AND,,,
5.89738,1946,2,AND,,,
7.23024,1946,3,AND,,,
10.2696,1946,4,AND,,,
12.2615,1946,5,AND,,,
16.1328,1946,6,AND,,,
20.2577,1946,7,AND,,,
19.5628,1946,8,AND,,,
17.6555,1946,9,AND,,,
12.8055,1946,10,AND,,,
6.76135,1946,11,AND,,,
3.78597,1946,12,AND,,,
2.93937,1947,1,AND,,,
3.21506,1947,2,AND,,,
6.89823,1947,3,AND,,,
9.67221,1947,4,AND,,,
12.9801,1947,5,AND,,,
18.248,1947,6,AND,,,
21.2852,1947,7,AND,,,
21.9909,1947,8,AND,,,
17.6541,1947,9,AND,,,
13.4401,1947,10,AND,,,
8.2403,1947,11,AND,,,
4.08539,1947,12,AND,,,
4.28788,1948,1,AND,,,
4.26302,1948,2,AND,,,
7.03569,1948,3,AND,,,
10.0883,1948,4,AND,,,
13.2438,1948,5,AND,,,
16.9167,1948,6,AND,,,
18.308,1948,7,AND,,,
20.0958,1948,8,AND,,,
17.1558,1948,9,AND,,,
12.3342,1948,10,AND,,,
8.45994,1948,11,AND,,,
5.75188,1948,12,AND,,,
1.33563,1949,1,AND,,,
1.20327,1949,2,AND,,,
4.94797,1949,3,AND,,,
10.383,1949,4,AND,,,
13.1514,1949,5,AND,,,
16.7475,1949,6,AND,,,
20.2105,1949,7,AND,,,
20.0967,1949,8,AND,,,
16.7845,1949,9,AND,,,
12.7579,1949,10,AND,,,
9.76495,1949,11,AND,,,
3.789,1949,12,AND,,,
-1.0664,1950,1,AND,,,
3.70402,1950,2,AND,,,
4.33483,1950,3,AND,,,
6.95277,1950,4,AND,,,
12.2348,1950,5,AND,,,
16.5742,1950,6,AND,,,
19.2833,1950,7,AND,,,
18.3707,1950,8,AND,,,
16.2354,1950,9,AND,,,
13.097,1950,10,AND,,,
6.76755,1950,11,AND,,,
3.35909,1950,12,AND,,,
3.98308,1951,1,AND,,,
4.21489,1951,2,AND,,,
6.20213,1951,3,AND,,,
8.50366,1951,4,AND,,,
10.7439,1951,5,AND,,,
16.1942,1951,6,AND,,,
19.2597,1951,7,AND,,,
18.0598,1951,8,AND,,,
16.9638,1951,9,AND,,,
10.3759,1951,10,AND,,,
8.05802,1951,11,AND,,,
5.17202,1951,12,AND,,,
1.85663,1952,1,AND,,,
2.89774,1952,2,AND,,,
8.92065,1952,3,AND,,,
10.1853,1952,4,AND,,,
14.5991,1952,5,AND,,,
19.2035,1952,6,AND,,,
20.8814,1952,7,AND,,,
20.2973,1952,8,AND,,,
14.9497,1952,9,AND,,,
12.5898,1952,10,AND,,,
6.60952,1952,11,AND,,,
4.4193,1952,12,AND,,,
0.39284,1953,1,AND,,,
2.09064,1953,2,AND,,,
6.75646,1953,3,AND,,,
9.48021,1953,4,AND,,,
14.9003,1953,5,AND,,,
14.8257,1953,6,AND,,,
18.685,1953,7,AND,,,
20.3375,1953,8,AND,,,
17.0153,1953,9,AND,,,
12.1565,1953,10,AND,,,
7.47354,1953,11,AND,,,
7.99309,1953,12,AND,,,
1.79344,1954,1,AND,,,
2.03232,1954,2,AND,,,
7.19685,1954,3,AND,,,
8.1146,1954,4,AND,,,
11.7296,1954,5,AND,,,
16.1159,1954,6,AND,,,
17.3852,1954,7,AND,,,
17.9088,1954,8,AND,,,
16.4047,1954,9,AND,,,
12.4567,1954,10,AND,,,
8.57508,1954,11,AND,,,
5.53596,1954,12,AND,,,
6.7427,1955,1,AND,,,
4.32808,1955,2,AND,,,
5.31115,1955,3,AND,,,
10.2975,1955,4,AND,,,
13.4765,1955,5,AND,,,
16.7752,1955,6,AND,,,
20.2703,1955,7,AND,,,
20.2173,1955,8,AND,,,
16.3964,1955,9,AND,,,
10.8635,1955,10,AND,,,
5.9554,1955,11,AND,,,
6.23422,1955,12,AND,,,
4.29167,1956,1,AND,,,
2.65818,1956,2,AND,,,
6.89392,1956,3,AND,,,
8.08783,1956,4,AND,,,
13.5819,1956,5,AND,,,
14.743,1956,6,AND,,,
18.5737,1956,7,AND,,,
18.3259,1956,8,AND,,,
17.2602,1956,9,AND,,,
11.0934,1956,10,AND,,,
4.5731,1956,11,AND,,,
3.91724,1956,12,AND,,,
2.0255,1957,1,AND,,,
6.49515,1957,2,AND,,,
9.03692,1957,3,AND,,,
8.68101,1957,4,AND,,,
11.296,1957,5,AND,,,
15.4257,1957,6,AND,,,
18.7873,1957,7,AND,,,
18.4951,1957,8,AND,,,
16.2207,1957,9,AND,,,
11.4266,1957,10,AND,,,
5.58934,1957,11,AND,,,
3.34077,1957,12,AND,,,
3.28998,1958,1,AND,,,
5.39497,1958,2,AND,,,
6.4583,1958,3,AND,,,
7.66751,1958,4,AND,,,
13.6743,1958,5,AND,,,
16.0185,1958,6,AND,,,
18.5298,1958,7,AND,,,
19.4456,1958,8,AND,,,
18.9836,1958,9,AND,,,
11.6304,1958,10,AND,,,
6.88426,1958,11,AND,,,
5.32726,1958,12,AND,,,
3.32208,1959,1,AND,,,
4.61089,1959,2,AND,,,
8.09894,1959,3,AND,,,
9.40824,1959,4,AND,,,
12.8214,1959,5,AND,,,
16.7536,1959,6,AND,,,
20.5623,1959,7,AND,,,
19.2646,1959,8,AND,,,
16.8954,1959,9,AND,,,
11.8549,1959,10,AND,,,
6.59573,1959,11,AND,,,
5.44221,1959,12,AND,,,
3.08996,1960,1,AND,,,
4.85018,1960,2,AND,,,
8.11738,1960,3,AND,,,
9.14545,1960,4,AND,,,
14.8449,1960,5,AND,,,
18.1986,1960,6,AND,,,
18.149,1960,7,AND,,,
18.4318,1960,8,AND,,,
15.2004,1960,9,AND,,,
10.8356,1960,10,AND,,,
7.60482,1960,11,AND,,,
2.3186,1960,12,AND,,,
2.9517,1961,1,AND,,,
7.14708,1961,2,AND,,,
7.8763,1961,3,AND,,,
11.0519,1961,4,AND,,,
13.4167,1961,5,AND,,,
17.2303,1961,6,AND,,,
19.3506,1961,7,AND,,,
18.5783,1961,8,AND,,,
18.7248,1961,9,AND,,,
12.4749,1961,10,AND,,,
6.75871,1961,11,AND,,,
5.12779,1961,12,AND,,,
4.68221,1962,1,AND,,,
3.36593,1962,2,AND,,,
4.97506,1962,3,AND,,,
8.59699,1962,4,AND,,,
11.9926,1962,5,AND,,,
16.2466,1962,6,AND,,,
19.2693,1962,7,AND,,,
20.3966,1962,8,AND,,,
17.1808,1962,9,AND,,,
12.9141,1962,10,AND,,,
4.96537,1962,11,AND,,,
2.12209,1962,12,AND,,,
0.83059,1963,1,AND,,,
0.7345,1963,2,AND,,,
6.77075,1963,3,AND,,,
8.97723,1963,4,AND,,,
12.1698,1963,5,AND,,,
16.1057,1963,6,AND,,,
19.8316,1963,7,AND,,,
17.3815,1963,8,AND,,,
15.1815,1963,9,AND,,,
11.9662,1963,10,AND,,,
8.75867,1963,11,AND,,,
2.25361,1963,12,AND,,,
1.49034,1964,1,AND,,,
4.89259,1964,2,AND,,,
6.09235,1964,3,AND,,,
9.11874,1964,4,AND,,,
14.8476,1964,5,AND,,,
17.4625,1964,6,AND,,,
20.987,1964,7,AND,,,
19.4951,1964,8,AND,,,
17.9896,1964,9,AND,,,
10.176,1964,10,AND,,,
6.65421,1964,11,AND,,,
3.05856,1964,12,AND,,,
2.98588,1965,1,AND,,,
1.14023,1965,2,AND,,,
6.88345,1965,3,AND,,,
8.82195,1965,4,AND,,,
13.1841,1965,5,AND,,,
16.9617,1965,6,AND,,,
18.6561,1965,7,AND,,,
18.5081,1965,8,AND,,,
14.389,1965,9,AND,,,
13.4322,1965,10,AND,,,
7.18772,1965,11,AND,,,
5.89102,1965,12,AND,,,
4.10125,1966,1,AND,,,
7.48135,1966,2,AND,,,
6.19256,1966,3,AND,,,
10.1163,1966,4,AND,,,
13.0089,1966,5,AND,,,
17.147,1966,6,AND,,,
17.8504,1966,7,AND,,,
18.3933,1966,8,AND,,,
17.7134,1966,9,AND,,,
12.3792,1966,10,AND,,,
5.28526,1966,11,AND,,,
5.60334,1966,12,AND,,,
2.69128,1967,1,AND,,,
4.81891,1967,2,AND,,,
7.96044,1967,3,AND,,,
8.89567,1967,4,AND,,,
12.4221,1967,5,AND,,,
15.7549,1967,6,AND,,,
21.1319,1967,7,AND,,,
19.7693,1967,8,AND,,,
16.6054,1967,9,AND,,,
14.2049,1967,10,AND,,,
8.42399,1967,11,AND,,,
2.42866,1967,12,AND,,,
3.85972,1968,1,AND,,,
4.61394,1968,2,AND,,,
6.24429,1968,3,AND,,,
9.58774,1968,4,AND,,,
11.958,1968,5,AND,,,
15.8845,1968,6,AND,,,
18.9535,1968,7,AND,,,
18.1886,1968,8,AND,,,
16.2828,1968,9,AND,,,
13.9518,1968,10,AND,,,
7.69087,1968,11,AND,,,
4.94225,1968,12,AND,,,
4.45907,1969,1,AND,,,
2.47647,1969,2,AND,,,
6.69418,1969,3,AND,,,
9.01159,1969,4,AND,,,
12.7754,1969,5,AND,,,
14.7507,1969,6,AND,,,
19.758,1969,7,AND,,,
19.2781,1969,8,AND,,,
15.1707,1969,9,AND,,,
12.7584,1969,10,AND,,,
6.52069,1969,11,AND,,,
2.23694,1969,12,AND,,,
4.82027,1970,1,AND,,,
5.18057,1970,2,AND,,,
4.53174,1970,3,AND,,,
8.06804,1970,4,AND,,,
12.3971,1970,5,AND,,,
17.7113,1970,6,AND,,,
19.497,1970,7,AND,,,
19.394,1970,8,AND,,,
18.0694,1970,9,AND,,,
11.3221,1970,10,AND,,,
9.04232,1970,11,AND,,,
2.18574,1970,12,AND,,,
3.72986,1971,1,AND,,,
4.11937,1971,2,AND,,,
3.65718,1971,3,AND,,,
10.1892,1971,4,AND,,,
12.6795,1971,5,AND,,,
15.3516,1971,6,AND,,,
20.1948,1971,7,AND,,,
20.247,1971,8,AND,,,
16.8303,1971,9,AND,,,
12.9783,1971,10,AND,,,
4.80823,1971,11,AND,,,
4.77874,1971,12,AND,,,
3.74749,1972,1,AND,,,
5.58061,1972,2,AND,,,
7.562,1972,3,AND,,,
8.19773,1972,4,AND,,,
11.438,1972,5,AND,,,
14.4865,1972,6,AND,,,
19.1264,1972,7,AND,,,
17.6554,1972,8,AND,,,
13.8193,1972,9,AND,,,
11.5815,1972,10,AND,,,
8.29891,1972,11,AND,,,
4.79673,1972,12,AND,,,
3.16515,1973,1,AND,,,
3.19687,1973,2,AND,,,
5.48214,1973,3,AND,,,
7.84184,1973,4,AND,,,
13.8113,1973,5,AND,,,
16.9556,1973,6,AND,,,
19.5356,1973,7,AND,,,
20.9574,1973,8,AND,,,
17.2216,1973,9,AND,,,
10.5794,1973,10,AND,,,
7.23402,1973,11,AND,,,
3.94859,1973,12,AND,,,
5.56412,1974,1,AND,,,
4.78034,1974,2,AND,,,
7.15858,1974,3,AND,,,
8.37681,1974,4,AND,,,
12.5623,1974,5,AND,,,
16.4459,1974,6,AND,,,
18.8824,1974,7,AND,,,
18.9981,1974,8,AND,,,
15.0826,1974,9,AND,,,
8.0916,1974,10,AND,,,
7.44233,1974,11,AND,,,
5.8003,1974,12,AND,,,
5.52702,1975,1,AND,,,
5.72863,1975,2,AND,,,
5.01435,1975,3,AND,,,
8.66263,1975,4,AND,,,
12.2172,1975,5,AND,,,
15.9241,1975,6,AND,,,
20.209,1975,7,AND,,,
20.4226,1975,8,AND,,,
15.9749,1975,9,AND,,,
11.3786,1975,10,AND,,,
6.48072,1975,11,AND,,,
2.95126,1975,12,AND,,,
3.15932,1976,1,AND,,,
5.01885,1976,2,AND,,,
6.71534,1976,3,AND,,,
8.13128,1976,4,AND,,,
13.1907,1976,5,AND,,,
19.6512,1976,6,AND,,,
20.3248,1976,7,AND,,,
19.1777,1976,8,AND,,,
15.2973,1976,9,AND,,,
11.2363,1976,10,AND,,,
5.6058,1976,11,AND,,,
4.65777,1976,12,AND,,,
3.55559,1977,1,AND,,,
6.97347,1977,2,AND,,,
8.01699,1977,3,AND,,,
8.8556,1977,4,AND,,,
11.0353,1977,5,AND,,,
14.8162,1977,6,AND,,,
17.5922,1977,7,AND,,,
17.4508,1977,8,AND,,,
15.819,1977,9,AND,,,
13.8385,1977,10,AND,,,
6.70318,1977,11,AND,,,
5.62006,1977,12,AND,,,
2.71059,1978,1,AND,,,
5.37001,1978,2,AND,,,
7.41532,1978,3,AND,,,
7.46331,1978,4,AND,,,
11.6113,1978,5,AND,,,
14.8848,1978,6,AND,,,
18.1026,1978,7,AND,,,
18.8435,1978,8,AND,,,
17.0936,1978,9,AND,,,
11.3965,1978,10,AND,,,
6.33059,1978,11,AND,,,
5.68191,1978,12,AND,,,
3.31324,1979,1,AND,,,
4.69443,1979,2,AND,,,
7.2371,1979,3,AND,,,
7.81103,1979,4,AND,,,
12.2771,1979,5,AND,,,
16.6762,1979,6,AND,,,
19.7467,1979,7,AND,,,
18.4195,1979,8,AND,,,
16.1012,1979,9,AND,,,
12.4944,1979,10,AND,,,
5.77249,1979,11,AND,,,
4.7151,1979,12,AND,,,
2.38706,1980,1,AND,,,
6.12216,1980,2,AND,,,
6.15507,1980,3,AND,,,
7.80585,1980,4,AND,,,
11.1847,1980,5,AND,,,
14.7233,1980,6,AND,,,
17.4128,1980,7,AND,,,
20.0137,1980,8,AND,,,
17.422,1980,9,AND,,,
11.2351,1980,10,AND,,,
5.67903,1980,11,AND,,,
2.32441,1980,12,AND,,,
3.3921,1981,1,AND,,,
2.76677,1981,2,AND,,,
8.66196,1981,3,AND,,,
9.52833,1981,4,AND,,,
11.7282,1981,5,AND,,,
17.0378,1981,6,AND,,,
17.727,1981,7,AND,,,
19.8365,1981,8,AND,,,
17.2318,1981,9,AND,,,
12.6252,1981,10,AND,,,
6.99341,1981,11,AND,,,
5.81643,1981,12,AND,,,
6.55147,1982,1,AND,,,
5.57164,1982,2,AND,,,
6.1394,1982,3,AND,,,
9.54089,1982,4,AND,,,
12.9915,1982,5,AND,,,
18.2249,1982,6,AND,,,
21.4718,1982,7,AND,,,
18.7702,1982,8,AND,,,
17.8759,1982,9,AND,,,
11.7185,1982,10,AND,,,
8.32985,1982,11,AND,,,
4.92162,1982,12,AND,,,
4.14333,1983,1,AND,,,
2.41155,1983,2,AND,,,
7.07466,1983,3,AND,,,
9.04778,1983,4,AND,,,
11.8937,1983,5,AND,,,
16.9904,1983,6,AND,,,
22.2934,1983,7,AND,,,
19.5856,1983,8,AND,,,
17.7571,1983,9,AND,,,
12.6171,1983,10,AND,,,
9.34483,1983,11,AND,,,
4.14472,1983,12,AND,,,
4.33329,1984,1,AND,,,
3.32251,1984,2,AND,,,
5.28185,1984,3,AND,,,
9.11768,1984,4,AND,,,
10.0756,1984,5,AND,,,
15.7571,1984,6,AND,,,
19.8534,1984,7,AND,,,
18.5061,1984,8,AND,,,
15.2683,1984,9,AND,,,
11.4755,1984,10,AND,,,
9.24287,1984,11,AND,,,
3.9382,1984,12,AND,,,
-0.9485,1985,1,AND,,,
5.9313,1985,2,AND,,,
5.29116,1985,3,AND,,,
9.78681,1985,4,AND,,,
11.4491,1985,5,AND,,,
15.9508,1985,6,AND,,,
20.5507,1985,7,AND,,,
18.7879,1985,8,AND,,,
18.6259,1985,9,AND,,,
13.3949,1985,10,AND,,,
4.59635,1985,11,AND,,,
4.19118,1985,12,AND,,,
3.79544,1986,1,AND,,,
2.19576,1986,2,AND,,,
6.60266,1986,3,AND,,,
6.45425,1986,4,AND,,,
13.5775,1986,5,AND,,,
16.7973,1986,6,AND,,,
20.1146,1986,7,AND,,,
19.4818,1986,8,AND,,,
17.5626,1986,9,AND,,,
13.6332,1986,10,AND,,,
7.49881,1986,11,AND,,,
4.89132,1986,12,AND,,,
0.47704,1987,1,AND,,,
4.49477,1987,2,AND,,,
6.12989,1987,3,AND,,,
10.3427,1987,4,AND,,,
11.2623,1987,5,AND,,,
15.7176,1987,6,AND,,,
19.4878,1987,7,AND,,,
19.9404,1987,8,AND,,,
19.1652,1987,9,AND,,,
13.5701,1987,10,AND,,,
7.27341,1987,11,AND,,,
5.77048,1987,12,AND,,,
6.48692,1988,1,AND,,,
4.51751,1988,2,AND,,,
6.62682,1988,3,AND,,,
9.52973,1988,4,AND,,,
13.0237,1988,5,AND,,,
16.1922,1988,6,AND,,,
19.1342,1988,7,AND,,,
19.8961,1988,8,AND,,,
16.3284,1988,9,AND,,,
13.3867,1988,10,AND,,,
7.01625,1988,11,AND,,,
4.25661,1988,12,AND,,,
3.48356,1989,1,AND,,,
4.99487,1989,2,AND,,,
8.35768,1989,3,AND,,,
7.82567,1989,4,AND,,,
14.4562,1989,5,AND,,,
17.718,1989,6,AND,,,
21.3298,1989,7,AND,,,
20.9263,1989,8,AND,,,
16.4527,1989,9,AND,,,
12.875,1989,10,AND,,,
8.85058,1989,11,AND,,,
7.22578,1989,12,AND,,,
4.12211,1990,1,AND,,,
8.48952,1990,2,AND,,,
8.15734,1990,3,AND,,,
8.36972,1990,4,AND,,,
14.8343,1990,5,AND,,,
16.749,1990,6,AND,,,
21.0272,1990,7,AND,,,
21.2563,1990,8,AND,,,
17.7305,1990,9,AND,,,
13.5686,1990,10,AND,,,
7.57437,1990,11,AND,,,
1.88412,1990,12,AND,,,
3.27394,1991,1,AND,,,
3.23389,1991,2,AND,,,
8.54127,1991,3,AND,,,
7.84692,1991,4,AND,,,
11.0543,1991,5,AND,,,
15.8227,1991,6,AND,,,
20.569,1991,7,AND,,,
22.0101,1991,8,AND,,,
18.9545,1991,9,AND,,,
10.8002,1991,10,AND,,,
7.11289,1991,11,AND,,,
4.26156,1991,12,AND,,,
1.64174,1992,1,AND,,,
4.15955,1992,2,AND,,,
7.30996,1992,3,AND,,,
9.17853,1992,4,AND,,,
14.4261,1992,5,AND,,,
14.3353,1992,6,AND,,,
19.4727,1992,7,AND,,,
20.8876,1992,8,AND,,,
16.3335,1992,9,AND,,,
10.5217,1992,10,AND,,,
8.91932,1992,11,AND,,,
5.57099,1992,12,AND,,,
4.0806,1993,1,AND,,,
3.84308,1993,2,AND,,,
6.74191,1993,3,AND,,,
8.90984,1993,4,AND,,,
13.5171,1993,5,AND,,,
17.276,1993,6,AND,,,
18.3329,1993,7,AND,,,
19.9496,1993,8,AND,,,
15.5603,1993,9,AND,,,
10.7507,1993,10,AND,,,
6.1339,1993,11,AND,,,
6.26156,1993,12,AND,,,
4.5868,1994,1,AND,,,
5.0466,1994,2,AND,,,
9.4132,1994,3,AND,,,
7.89156,1994,4,AND,,,
13.674,1994,5,AND,,,
17.6232,1994,6,AND,,,
21.8414,1994,7,AND,,,
21.6998,1994,8,AND,,,
15.7017,1994,9,AND,,,
12.5364,1994,10,AND,,,
10.0633,1994,11,AND,,,
5.87848,1994,12,AND,,,
4.22179,1995,1,AND,,,
6.98681,1995,2,AND,,,
6.82949,1995,3,AND,,,
9.63044,1995,4,AND,,,
13.5312,1995,5,AND,,,
16.9585,1995,6,AND,,,
21.4618,1995,7,AND,,,
20.8349,1995,8,AND,,,
15.3814,1995,9,AND,,,
14.8999,1995,10,AND,,,
8.24035,1995,11,AND,,,
5.45471,1995,12,AND,,,
6.82201,1996,1,AND,,,
3.60381,1996,2,AND,,,
6.65434,1996,3,AND,,,
9.86082,1996,4,AND,,,
13.0124,1996,5,AND,,,
18.2513,1996,6,AND,,,
20.2367,1996,7,AND,,,
19.1913,1996,8,AND,,,
15.0862,1996,9,AND,,,
12.1924,1996,10,AND,,,
7.39469,1996,11,AND,,,
5.1288,1996,12,AND,,,
4.2413,1997,1,AND,,,
7.07705,1997,2,AND,,,
9.82417,1997,3,AND,,,
10.9345,1997,4,AND,,,
14.035,1997,5,AND,,,
16.8195,1997,6,AND,,,
19.3258,1997,7,AND,,,
21.4816,1997,8,AND,,,
18.0303,1997,9,AND,,,
14.4015,1997,10,AND,,,
8.66141,1997,11,AND,,,
5.51442,1997,12,AND,,,
5.11677,1998,1,AND,,,
6.07379,1998,2,AND,,,
8.5186,1998,3,AND,,,
8.72893,1998,4,AND,,,
14.2938,1998,5,AND,,,
17.7271,1998,6,AND,,,
20.4856,1998,7,AND,,,
20.8563,1998,8,AND,,,
16.9328,1998,9,AND,,,
11.8863,1998,10,AND,,,
5.98482,1998,11,AND,,,
3.95982,1998,12,AND,,,
4.74305,1999,1,AND,,,
4.44479,1999,2,AND,,,
7.84001,1999,3,AND,,,
10.0525,1999,4,AND,,,
14.5468,1999,5,AND,,,
17.3411,1999,6,AND,,,
20.7978,1999,7,AND,,,
21.0423,1999,8,AND,,,
18.4774,1999,9,AND,,,
13.03,1999,10,AND,,,
5.7842,1999,11,AND,,,
4.38959,1999,12,AND,,,
2.69174,2000,1,AND,,,
6.86774,2000,2,AND,,,
8.0093,2000,3,AND,,,
9.56381,2000,4,AND,,,
14.8999,2000,5,AND,,,
17.8714,2000,6,AND,,,
19.0798,2000,7,AND,,,
20.6617,2000,8,AND,,,
17.8421,2000,9,AND,,,
12.3812,2000,10,AND,,,
7.9924,2000,11,AND,,,
7.13607,2000,12,AND,,,
5.905,2001,1,AND,,,
5.29527,2001,2,AND,,,
9.46842,2001,3,AND,,,
9.49116,2001,4,AND,,,
14.3385,2001,5,AND,,,
18.2441,2001,6,AND,,,
20.1516,2001,7,AND,,,
21.1463,2001,8,AND,,,
15.9423,2001,9,AND,,,
15.0133,2001,10,AND,,,
6.0685,2001,11,AND,,,
2.16774,2001,12,AND,,,
4.96172,2002,1,AND,,,
6.68032,2002,2,AND,,,
9.07514,2002,3,AND,,,
10.524,2002,4,AND,,,
12.4734,2002,5,AND,,,
17.7262,2002,6,AND,,,
19.094,2002,7,AND,,,
18.8934,2002,8,AND,,,
16.471,2002,9,AND,,,
13.1462,2002,10,AND,,,
8.69905,2002,11,AND,,,
6.41719,2002,12,AND,,,
3.1993,2003,1,AND,,,
3.5328,2003,2,AND,,,
8.5199,2003,3,AND,,,
10.3093,2003,4,AND,,,
14.0899,2003,5,AND,,,
20.5648,2003,6,AND,,,
22.4005,2003,7,AND,,,
21.4891,2003,8,AND,,,
17.6301,2003,9,AND,,,
11.8692,2003,10,AND,,,
8.83059,2003,11,AND,,,
5.78561,2003,12,AND,,,
4.99302,2004,1,AND,,,
4.14931,2004,2,AND,,,
6.35787,2004,3,AND,,,
8.93541,2004,4,AND,,,
12.6498,2004,5,AND,,,
18.8121,2004,6,AND,,,
20.2242,2004,7,AND,,,
20.9852,2004,8,AND,,,
18.1234,2004,9,AND,,,
14.3643,2004,10,AND,,,
6.59331,2004,11,AND,,,
5.50381,2004,12,AND,,,
3.82455,2005,1,AND,,,
2.39056,2005,2,AND,,,
6.52539,2005,3,AND,,,
9.87913,2005,4,AND,,,
14.2956,2005,5,AND,,,
19.6833,2005,6,AND,,,
21.2684,2005,7,AND,,,
19.8418,2005,8,AND,,,
17.0903,2005,9,AND,,,
14.4345,2005,10,AND,,,
6.82271,2005,11,AND,,,
2.04873,2005,12,AND,,,
3.6408,2006,1,AND,,,
3.81168,2006,2,AND,,,
8.26088,2006,3,AND,,,
10.9796,2006,4,AND,,,
14.6371,2006,5,AND,,,
18.8409,2006,6,AND,,,
23.4756,2006,7,AND,,,
19.6476,2006,8,AND,,,
18.3807,2006,9,AND,,,
15.1887,2006,10,AND,,,
10.2851,2006,11,AND,,,
4.29011,2006,12,AND,,,
5.78861,2007,1,AND,,,
6.88093,2007,2,AND,,,
7.69961,2007,3,AND,,,
11.5289,2007,4,AND,,,
14.1536,2007,5,AND,,,
17.8461,2007,6,AND,,,
19.6521,2007,7,AND,,,
19.6221,2007,8,AND,,,
16.8835,2007,9,AND,,,
12.5953,2007,10,AND,,,
6.78226,2007,11,AND,,,
4.75842,2007,12,AND,,,
6.29588,2008,1,AND,,,
7.05086,2008,2,AND,,,
7.60246,2008,3,AND,,,
9.92998,2008,4,AND,,,
13.9884,2008,5,AND,,,
17.5929,2008,6,AND,,,
20.138,2008,7,AND,,,
20.4107,2008,8,AND,,,
16.6344,2008,9,AND,,,
12.5144,2008,10,AND,,,
7.24416,2008,11,AND,,,
4.20975,2008,12,AND,,,
3.42768,2009,1,AND,,,
4.75972,2009,2,AND,,,
7.98242,2009,3,AND,,,
9.44716,2009,4,AND,,,
14.9981,2009,5,AND,,,
18.9906,2009,6,AND,,,
21.0455,2009,7,AND,,,
22.0717,2009,8,AND,,,
17.9743,2009,9,AND,,,
13.9481,2009,10,AND,,,
9.86465,2009,11,AND,,,
5.00338,2009,12,AND,,,
2.76326,2010,1,AND,,,
3.85286,2010,2,AND,,,
6.36184,2010,3,AND,,,
10.8146,2010,4,AND,,,
12.645,2010,5,AND,,,
17.431,2010,6,AND,,,
21.8431,2010,7,AND,,,
20.7249,2010,8,AND,,,
17.1521,2010,9,AND,,,
12.1145,2010,10,AND,,,
7.39832,2010,11,AND,,,
3.36117,2010,12,AND,,,
3.64594,2011,1,AND,,,
5.63621,2011,2,AND,,,
7.98692,2011,3,AND,,,
12.0997,2011,4,AND,,,
15.8061,2011,5,AND,,,
17.2105,2011,6,AND,,,
19.2027,2011,7,AND,,,
21.3437,2011,8,AND,,,
19.4574,2011,9,AND,,,
14.3112,2011,10,AND,,,
10.5925,2011,11,AND,,,
6.58903,2011,12,AND,,,
5.03823,2012,1,AND,,,
0.90088,2012,2,AND,,,
8.94283,2012,3,AND,,,
9.47088,2012,4,AND,,,
14.8144,2012,5,AND,,,
18.8746,2012,6,AND,,,
20.0683,2012,7,AND,,,
22.3249,2012,8,AND,,,
17.9253,2012,9,AND,,,
13.8432,2012,10,AND,,,
8.56414,2012,11,AND,,,
6.02376,2012,12,AND,,,
4.47007,2013,1,AND,,,
3.66325,2013,2,AND,,,
7.69869,2013,3,AND,,,
9.50722,2013,4,AND,,,
11.4507,2013,5,AND,,,
16.1384,2013,6,AND,,,
22.2789,2013,7,AND,,,
21.0115,2013,8,AND,,,
17.9464,2013,9,AND,,,
15.0934,2013,10,AND,,,
7.33705,2013,11,AND,,,
4.92446,2013,12,AND,,,
6.55052,2014,1,AND,,,
6.2306,2014,2,AND,,,
8.52421,2014,3,AND,,,
11.792,2014,4,AND,,,
13.1849,2014,5,AND,,,
18.9105,2014,6,AND,,,
19.6029,2014,7,AND,,,
19.6565,2014,8,AND,,,
19.1103,2014,9,AND,,,
15.4647,2014,10,AND,,,
10.7469,2014,11,AND,,,
5.10204,2014,12,AND,,,
4.40401,2015,1,AND,,,
3.53907,2015,2,AND,,,
8.20659,2015,3,AND,,,
11.0322,2015,4,AND,,,
14.672,2015,5,AND,,,
19.6261,2015,6,AND,,,
22.4218,2015,7,AND,,,
20.6189,2015,8,AND,,,
16.5741,2015,9,AND,,,
12.3321,2015,10,AND,,,
9.75691,2015,11,AND,,,
7.08052,2015,12,AND,,,
